{"minMcX":0,"maxMcX":1270,"minMcZ":0,"maxMcZ":1274,"minGeoLat":33.403143,"maxGeoLat":33.414607,"minGeoLon":-91.07224,"maxGeoLon":-91.05855}