{"minMcX":0,"maxMcX":1674,"minMcZ":0,"maxMcZ":1302,"minGeoLat":29.955567,"maxGeoLat":29.967278,"minGeoLon":-89.977469,"maxGeoLon":-89.960089}